,City,Cloudiness,Country,Date,Humidity,Lat,Lng,Max Temp,Wind Speed
0,Port Elizabeth,40,ZA,1613943171,72,-33.918,25.5701,64.4,11.5
1,Rikitea,0,PF,1613943172,68,-23.1203,-134.9692,79.81,10.02
2,Nueva Guinea,20,NI,1613943238,75,11.6876,-84.4562,77.13,13.89
3,Tasiilaq,90,GL,1613943238,93,65.6145,-37.6368,32.0,36.82
4,Ushuaia,90,AR,1613943010,70,-54.8,-68.3,44.6,1.32
5,Mar del Plata,40,AR,1613943284,44,-38.0023,-57.5575,82.4,11.5
6,Pevek,100,RU,1613943284,88,69.7008,170.3133,-18.49,5.59
7,Thompson,75,CA,1613943288,64,55.7435,-97.8558,33.8,11.5
8,Yulara,40,AU,1613943334,38,-25.2406,130.9889,77.0,8.05
9,Port Hardy,90,CA,1613943119,93,50.6996,-127.4199,48.2,6.91
10,Busselton,0,AU,1613943342,83,-33.65,115.3333,61.0,3.0
11,Cape Town,0,ZA,1613943300,59,-33.9258,18.4232,64.0,18.41
12,Maniitsoq,64,GL,1613943355,87,65.4167,-52.9,22.69,15.88
13,Ribeira Grande,75,PT,1613943293,94,38.5167,-28.7,60.8,17.27
14,Oriximiná,56,BR,1613943331,85,-1.7656,-55.8661,78.89,3.74
15,Albany,20,US,1613943384,43,42.6001,-73.9662,30.2,10.36
16,São Filipe,0,CV,1613943293,64,14.8961,-24.4956,72.66,8.39
17,Tura,0,IN,1613943388,38,25.5198,90.2201,61.99,2.15
18,Vaini,75,TO,1613943388,78,-21.2,-175.2,77.0,12.66
19,Tuktoyaktuk,75,CA,1613943392,76,69.4541,-133.0374,-16.6,21.85
20,Touros,20,BR,1613943392,74,-5.1989,-35.4608,82.4,14.97
21,Punta Arenas,90,CL,1613943396,66,-53.15,-70.9167,46.4,3.44
22,Noumea,90,NC,1613943396,83,-22.2763,166.4572,84.0,2.3
23,Rawson,82,AR,1613943412,22,-43.3002,-65.1023,72.81,31.09
24,Banisilan,88,PH,1613943413,93,7.4908,124.7242,69.6,1.07
25,Arlit,0,NE,1613943413,20,18.7369,7.3853,66.72,9.62
26,Palu,98,ID,1613943360,82,-0.8917,119.8707,74.5,1.88
27,Avarua,75,CK,1613943360,89,-21.2078,-159.775,78.8,4.61
28,Puerto Escondido,1,MX,1613943421,74,15.85,-97.0667,82.4,4.61
29,Dikson,100,RU,1613943421,94,73.5069,80.5464,-0.53,8.43
30,Billings Metropolitan Area,20,US,1613943232,48,45.7833,-108.5007,39.99,21.85
31,Point Fortin,71,TT,1613943317,80,10.1833,-61.6833,82.0,4.0
32,Arraial do Cabo,40,BR,1613943330,83,-22.9661,-42.0278,80.6,5.75
33,Hay River,100,CA,1613943475,77,60.8156,-115.7999,-5.8,10.36
34,Moshkovo,0,RU,1613943475,77,55.3053,83.6104,-5.8,6.71
35,Nanortalik,100,GL,1613943479,94,60.1432,-45.2371,21.97,6.44
36,Batagay-Alyta,100,RU,1613943479,79,67.8006,130.4114,-23.98,0.85
37,Caxito,20,AO,1613943339,74,-8.5785,13.6643,80.6,8.05
38,Guerrero Negro,52,MX,1613943504,21,27.9769,-114.0611,74.7,6.29
39,Mutsu,47,JP,1613943326,76,41.2894,141.2169,33.01,5.5
40,Bad Doberan,20,DE,1613943508,87,54.1071,11.9005,46.0,2.3
41,Umm Hājar,0,TD,1613943508,19,13.2954,19.6966,70.88,11.86
42,George Town,20,MY,1613943508,73,5.4112,100.3354,78.8,5.75
43,Esperance,90,AU,1613943512,77,-33.8667,121.9,62.6,9.22
44,Araceli,100,PH,1613943521,83,10.5529,119.9913,78.66,11.27
45,Bandarbeyla,100,SO,1613943525,75,9.4942,50.8122,74.73,15.26
46,Arrondissement du Havre,0,FR,1613943554,62,49.5833,0.3333,57.2,10.36
47,Kapaa,90,US,1613943554,78,22.0752,-159.319,77.0,14.97
48,Khatanga,100,RU,1613943554,85,71.9667,102.5,-26.12,12.86
49,Puerto Ayora,90,EC,1613943558,88,-0.7393,-90.3518,78.01,6.91
50,Vung Tau,89,VN,1613943320,82,10.346,107.0843,72.14,16.28
51,Clyde River,90,CA,1613943567,76,70.4692,-68.5914,-16.6,13.8
52,Fort Nelson,75,CA,1613943571,66,58.8053,-122.7002,3.2,11.5
53,Zhangaözen,0,KZ,1613943592,96,43.3,52.8,30.2,4.34
54,Haines Junction,100,CA,1613943596,66,60.7522,-137.5108,5.0,2.3
55,Shumskiy,56,RU,1613943596,86,54.8318,99.1328,-2.97,4.18
56,Abhā,0,SA,1613943604,88,18.2164,42.5053,57.2,6.91
57,Samarai,93,PG,1613943608,74,-10.6167,150.6667,82.92,1.9
58,Nikolskoye,75,RU,1613943608,79,59.7035,30.7861,14.0,15.66
59,Severiano Melo,66,BR,1613943612,64,-5.7772,-37.9578,82.02,13.42
60,East London,36,ZA,1613943612,64,-33.0153,27.9116,68.85,15.73
61,Cingoli,0,IT,1613943616,85,43.3733,13.2025,48.0,2.21
62,Kruisfontein,9,ZA,1613943340,80,-34.0033,24.7314,62.01,6.67
63,Hermanus,50,ZA,1613943340,74,-34.4187,19.2345,61.0,10.02
64,Mount Isa,16,AU,1613943621,100,-20.7333,139.5,71.6,2.3
65,Barrow,90,US,1613943629,71,71.2906,-156.7887,-7.6,16.11
66,Presidencia Roque Sáenz Peña,0,AR,1613943352,32,-26.7852,-60.4388,93.99,4.0
67,Saint-Pierre,0,RE,1613943629,73,-21.3393,55.4781,78.8,5.75
68,Knyaze-Volkonskoye,0,RU,1613943658,71,48.4642,135.4567,-0.4,1.01
69,Oakdale,90,US,1613943658,80,44.963,-92.9649,28.99,6.91
70,Yeppoon,3,AU,1613943674,83,-23.1333,150.7333,78.8,4.61
71,Breytovo,99,RU,1613943675,92,58.2993,37.8617,-3.23,8.43
72,Ortega,82,CO,1613943687,59,3.9361,-75.2217,84.56,1.36
73,Lorengau,40,PG,1613943687,72,-2.0226,147.2712,83.53,5.41
74,Córdoba,40,AR,1613943712,65,-31.4135,-64.1811,81.0,13.8
75,Cherskiy,100,RU,1613943712,84,68.75,161.3,-31.49,6.8
76,Saint Paul Harbor,1,US,1613943736,60,57.79,-152.4072,33.8,0.76
77,Ust'-Omchug,99,RU,1613943736,80,61.15,149.6333,-12.48,4.94
78,Gilgit,98,PK,1613943761,51,35.9221,74.3087,46.24,0.89
79,Mataura,0,NZ,1613943761,57,-46.1927,168.8643,64.99,4.0
80,Turukhansk,63,RU,1613943785,81,65.8167,87.9833,-28.8,7.09
81,Lavrentiya,76,RU,1613943786,83,65.5833,-171.0,-10.68,7.05
82,Saskylakh,99,RU,1613943810,84,71.9167,114.0833,-26.54,4.03
83,Butaritari,4,KI,1613943810,78,3.0707,172.7902,81.05,21.25
84,Bredasdorp,84,ZA,1613943835,59,-34.5322,20.0403,60.8,3.44
85,Yellowknife,75,CA,1613943835,70,62.456,-114.3525,-8.0,9.22
86,Burgeo,1,CA,1613943859,88,47.6167,-57.6152,14.77,20.4
87,Shiyan,0,CN,1613943574,36,32.6475,110.7781,57.69,4.43
88,Isla Vista,1,US,1613943884,27,34.4133,-119.861,66.99,11.5
89,Ust'-Kulom,4,RU,1613943884,81,61.6864,53.6902,-36.0,4.92
90,Shenjiamen,100,CN,1613943909,68,29.9576,122.298,55.98,6.26
91,Ancud,75,CL,1613943909,58,-41.8697,-73.8203,60.01,9.22
92,Jardim,0,BR,1613943933,55,-21.4803,-56.1381,81.86,2.21
93,Avera,90,US,1613943934,51,33.194,-82.5271,57.2,11.5
94,Srīvardhan,49,IN,1613943979,57,18.0333,73.0167,77.16,4.79
95,Mombetsu,51,JP,1613943979,92,44.3525,143.3525,19.15,4.63
96,Saldanha,0,ZA,1613943987,63,-33.0117,17.9442,60.8,10.36
97,Carnarvon,90,AU,1613943901,88,-24.8667,113.6333,77.0,10.36
98,Wamba,47,NG,1613943988,22,8.9333,8.6,75.81,4.05
99,Green River,1,US,1613943992,63,41.5286,-109.4662,24.8,36.82
100,Imbituba,0,BR,1613943996,69,-28.24,-48.6703,78.8,10.36
101,Smirnykh,0,RU,1613944000,90,49.75,142.8333,2.57,4.25
102,St Austell,90,GB,1613944004,100,50.3383,-4.7658,45.0,5.75
103,Roura,75,GF,1613944008,83,4.7263,-52.3274,80.6,9.22
104,Kautokeino,100,NO,1613944020,91,69.0125,23.0412,-0.31,20.98
105,Palmer,1,US,1613944029,37,42.1584,-72.3287,33.8,8.05
106,Porto Velho,75,BR,1613944029,74,-8.7619,-63.9039,80.6,3.44
107,Atuona,100,PF,1613944062,74,-9.8,-139.0333,79.63,13.58
108,Camocim,98,BR,1613944062,86,-2.9022,-40.8411,78.87,11.39
109,Wanning,25,CN,1613944062,87,18.8003,110.3967,62.8,4.21
110,Kavieng,89,PG,1613944112,72,-2.5744,150.7967,83.59,6.8
111,Villazón,69,BO,1613944112,54,-22.0866,-65.5942,61.0,19.17
112,Pemba,75,MZ,1613944113,89,-12.974,40.5178,78.8,3.44
113,Ponta do Sol,82,PT,1613944117,78,32.6667,-17.1,59.0,7.78
114,Fereydūnkenār,100,IR,1613944117,81,36.6864,52.5225,47.5,11.39
115,Stokmarknes,75,NO,1613944120,93,68.5646,14.9108,28.4,25.32
116,Santa Cruz de la Sierra,40,BO,1613944129,43,-17.8,-63.1667,93.2,5.75
117,Taoudenni,0,ML,1613944129,17,22.6783,-3.9836,75.45,6.8
118,Fraserburgh,97,GB,1613944129,76,57.6874,-2.0184,43.0,15.84
119,Ilulissat,90,GL,1613944137,72,69.2167,-51.1,8.6,5.75
120,Coahuayana Viejo,1,MX,1613944141,32,18.7333,-103.6833,82.4,8.39
121,Berdigestyakh,48,RU,1613944142,83,62.0989,126.6992,-34.31,4.83
122,Bambanglipuro,80,ID,1613944179,82,-7.95,110.2833,76.55,2.42
123,Baykit,100,RU,1613944179,82,61.67,96.37,-20.94,1.9
124,Narón,20,ES,1613944179,100,43.5167,-8.1528,42.8,2.3
125,Fairbanks,75,US,1613944179,76,64.8378,-147.7164,-11.0,2.35
126,Anchorage,90,US,1613944183,73,61.2181,-149.9003,19.0,4.61
127,Khandagayty,100,RU,1613944216,88,50.7333,92.05,3.45,2.57
128,Olinda,40,BR,1613944130,65,-8.0089,-34.8553,80.6,8.05
129,Faanui,81,PF,1613944217,70,-16.4833,-151.75,82.09,8.55
130,Aranos,79,NA,1613944219,54,-24.1333,19.1167,73.54,11.68
131,Gorontalo,95,ID,1613944054,90,0.5412,123.0595,74.43,3.2
132,Mamakan,100,RU,1613944229,83,57.8161,114.0028,-9.18,3.89
133,Pavlohrad,100,UA,1613944229,86,48.5167,35.8667,32.0,8.95
134,Jalu,86,LY,1613944254,43,29.0331,21.5482,55.0,3.44
135,São João da Barra,75,BR,1613944254,69,-21.6403,-41.0511,82.4,6.91
136,Saint-Philippe,0,RE,1613944254,73,-21.3585,55.7679,78.8,3.44
137,Hong Kong,0,HK,1613944107,83,22.2855,114.1577,66.0,4.83
138,North Bend,90,US,1613944287,87,43.4065,-124.2243,51.8,10.36
139,Oranjestad,40,AW,1613944288,69,12.524,-70.027,82.4,19.57
140,Luanda,20,AO,1613944072,74,-8.8368,13.2343,80.6,8.05
141,Xining,100,CN,1613944205,60,36.6167,101.7667,34.09,0.22
142,Grindavik,0,IS,1613944288,93,63.8424,-22.4338,33.8,8.05
143,Yoichi,40,JP,1613944165,79,43.2039,140.7703,19.4,5.75
144,Port Blair,58,IN,1613944053,75,11.6667,92.75,77.83,6.24
145,Faya,0,SA,1613944289,88,18.3851,42.4509,57.2,6.91
146,Souillac,40,MU,1613944289,88,-20.5167,57.5167,77.0,14.97
147,Constitución,1,CL,1613944289,64,-35.3333,-72.4167,62.71,16.42
148,Jamestown,1,US,1613944290,37,42.097,-79.2353,32.0,9.22
149,Kamenka,92,RU,1613944290,93,51.3223,42.7678,25.0,5.26
150,Airai,100,TL,1613944290,100,-8.9266,125.4092,61.03,1.48
151,Carroll,1,US,1613944290,38,39.5501,-77.0164,35.6,3.94
152,El Sauce,40,NI,1613944291,69,12.8869,-86.539,75.2,11.5
153,Fort Saint James,100,CA,1613944291,84,54.4333,-124.25,39.72,17.9
154,Saint Stephen,90,GB,1613944291,100,50.3333,-4.9,46.4,5.75
155,Nhlangano,100,SZ,1613944291,96,-27.1167,31.2,62.02,4.56
156,Krasnosel'kup,85,RU,1613944291,86,65.7,82.4667,-24.43,9.62
157,College,75,US,1613944292,76,64.8569,-147.8028,-11.99,2.28
158,Moree,0,AU,1613944292,46,-29.4667,149.85,75.2,3.44
159,Bambous Virieux,40,MU,1613944292,88,-20.3428,57.7575,79.0,14.97
160,Lebu,0,CL,1613944292,74,-37.6167,-73.65,60.51,11.41
161,Oktyabr'skiy,17,RU,1613944293,87,54.4815,53.471,-19.07,4.32
162,Paita,40,PE,1613944151,54,-5.0892,-81.1144,84.2,12.66
163,Lanquín,75,GT,1613944301,77,15.5667,-89.9667,68.0,4.61
164,Hays,40,US,1613944301,46,30.0502,-98.0336,75.2,11.12
165,Marmashen,0,AM,1613944317,79,40.8349,43.7779,14.0,3.44
166,Paka,62,MY,1613944317,88,4.6374,103.4368,73.4,2.3
167,Mossamedes,89,AO,1613944317,75,-15.1961,12.1522,70.14,4.52
168,Chokurdakh,28,RU,1613944321,83,70.6333,147.9167,-35.1,6.98
169,Kismayo,67,SO,1613944321,83,-0.3582,42.5454,77.68,14.29
170,Lisala,83,CD,1613944330,55,2.15,21.5167,75.9,1.45
171,Bonthe,11,SL,1613944330,84,7.5264,-12.505,79.57,7.49
172,San Quintín,0,MX,1613944379,40,30.4833,-115.95,66.18,8.9
173,Mnogovershinnyy,81,RU,1613944380,87,53.9353,139.9242,-10.23,3.06
174,Saint-Augustin,47,CA,1613944387,89,51.226,-58.6502,6.3,6.35
175,Banjarmasin,90,ID,1613944230,100,-3.3244,114.591,75.2,5.75
176,Bethel,1,US,1613944387,30,41.3712,-73.414,35.6,8.05
177,Okhotsk,100,RU,1613944388,94,59.3833,143.3,7.54,7.96
178,Grand Gaube,31,MU,1613944388,78,-20.0064,57.6608,79.0,7.0
179,Saint George,1,US,1613944388,20,37.1041,-113.5841,55.99,5.75
180,Garmsār,64,IR,1613944437,49,35.2182,52.3409,46.09,3.15
181,Ambāgarh Chauki,33,IN,1613944438,31,20.7833,80.7167,64.85,3.96
182,Kahului,40,US,1613944355,57,20.8947,-156.47,82.4,4.61
183,Henties Bay,0,NA,1613944466,87,-22.116,14.2845,62.01,1.99
184,Ayan,100,RU,1613944467,79,56.45,138.1667,-6.16,10.76
185,Kiryat Gat,0,IL,1613944474,72,31.61,34.7642,50.0,5.64
186,Kudahuvadhoo,99,MV,1613944475,71,2.6708,72.8944,81.84,8.5
187,Bluff,0,NZ,1613944468,59,-46.6,168.3333,64.99,3.0
188,Sisimiut,49,GL,1613944430,87,66.9395,-53.6735,5.54,9.84
189,Ambanja,99,MG,1613944537,89,-13.6833,48.45,74.93,3.78
190,Korsholm,90,FI,1613944537,100,63.1142,21.6822,19.99,6.91
191,Ust-Nera,100,RU,1613944566,78,64.5667,143.2,-12.39,1.03
192,Iskateley,90,RU,1613944566,90,67.6803,53.1512,-13.63,8.1
193,Iguape,4,BR,1613944566,75,-24.7081,-47.5553,77.47,9.84
194,Cabo San Lucas,1,MX,1613944580,60,22.8909,-109.9124,73.99,8.05
195,Sørland,75,NO,1613944581,93,67.667,12.6934,33.8,10.36
196,Makkah al Mukarramah,55,SA,1613944517,47,21.4267,39.8261,68.61,5.32
197,Okoneshnikovo,19,RU,1613944581,88,54.8377,75.0834,-19.41,7.02
198,Hasaki,20,JP,1613944581,100,35.7333,140.8333,41.0,2.3
199,Naze,40,JP,1613944582,88,28.3667,129.4833,55.4,3.44
200,Longyearbyen,40,SJ,1613944583,74,78.2186,15.6401,23.0,12.66
201,Corn Island,0,NI,1613944611,75,12.1694,-83.0418,80.26,17.13
202,Jesup,90,US,1613944612,58,31.6074,-81.8854,59.0,13.8
203,Whitefish,90,US,1613944612,65,48.4111,-114.3376,37.4,12.66
204,Omboué,100,GA,1613944624,84,-1.5746,9.2618,78.93,4.14
205,Marrakesh,75,MA,1613944624,82,31.6315,-8.0083,51.8,2.3
206,Egvekinot,0,RU,1613944670,86,66.3167,-179.1667,-18.27,2.48
207,Tiksi,35,RU,1613944670,85,71.6872,128.8694,-27.29,4.97
208,New Norfolk,45,AU,1613944670,54,-42.7826,147.0587,63.0,4.0
209,Marawi,100,PH,1613944674,95,7.9986,124.2928,72.0,3.0
210,Toowoomba,0,AU,1613944679,83,-27.55,151.9667,75.0,4.61
211,Asău,22,RO,1613944728,59,46.4333,26.4,37.99,4.94
212,Kaniama,100,CD,1613944728,94,-7.5667,24.1833,66.74,2.04
213,Dogondoutchi,13,NE,1613944736,17,13.6393,4.0287,71.69,9.51
214,Ankara,0,TR,1613944737,79,39.9199,32.8543,19.99,2.3
215,Lompoc,1,US,1613944737,34,34.6391,-120.4579,68.0,12.66
216,Broome,1,US,1613944782,50,42.2506,-75.833,27.0,3.44
217,Cockburn Town,0,TC,1613944783,72,21.4612,-71.1419,77.54,21.43
218,Springdale,90,US,1613944783,100,36.1867,-94.1288,46.4,13.8
219,Yumen,81,CN,1613944832,83,40.2833,97.2,32.25,8.63
220,Surgut,0,RU,1613944833,75,61.25,73.4167,-27.4,3.96
221,Sibolga,52,ID,1613944833,81,1.7427,98.7792,75.88,3.87
222,Pacific Grove,1,US,1613944882,41,36.6177,-121.9166,62.01,8.05
223,Labuhan,100,ID,1613944883,87,-6.8844,112.2051,77.16,9.84
224,Jutaí,43,BR,1613944883,64,-5.1833,-68.9,86.09,1.66
225,Mandera,10,KE,1613946345,32,3.9366,41.867,80.2,7.65
226,Zhigansk,100,RU,1613946346,86,66.7697,123.3711,-25.15,1.72
227,Castro,7,BR,1613946350,78,-24.7911,-50.0119,67.35,5.26
228,Fare,89,PF,1613946350,71,-16.7,-151.0167,81.66,9.66
229,Northam,100,GB,1613946362,95,51.0333,-4.2167,48.0,1.01
230,Port-Gentil,40,GA,1613946362,83,-0.7193,8.7815,80.6,8.05
231,Ondarroa,100,ES,1613946362,69,43.3167,-2.4167,50.0,8.01
232,Iqaluit,75,CA,1613946370,70,63.7506,-68.5145,-14.01,2.3
233,Kenai,90,US,1613946387,67,60.5544,-151.2583,23.0,3.44
234,Nouadhibou,0,MR,1613946387,82,20.931,-17.0347,66.2,14.97
235,Nampula,20,MZ,1613946387,88,-15.1165,39.2666,73.4,2.3
236,Baculin,70,PH,1613946391,74,7.4525,126.5842,77.2,4.03
237,Leningradskiy,100,RU,1613946399,86,69.3833,178.4167,-12.75,10.56
238,Nampa,75,US,1613946399,65,43.5407,-116.5635,43.0,6.91
239,Rio Grande,0,BR,1613946400,84,-32.035,-52.0986,75.99,3.0
240,Sabang,90,ID,1613946412,78,5.8933,95.3214,81.77,18.37
241,Bara,88,NG,1613946412,21,10.3744,10.7288,73.72,10.74
242,Puerto Madryn,88,AR,1613946420,23,-42.7692,-65.0385,74.84,30.71
243,Diamantino,100,BR,1613946420,80,-14.4086,-56.4461,79.16,3.67
244,Kropotkin,98,RU,1613946487,90,45.4375,40.5756,33.01,10.33
245,Talnakh,80,RU,1613946487,82,69.4865,88.3972,-34.44,4.18
246,Quatre Cocos,40,MU,1613946512,94,-20.2078,57.7625,77.0,6.91
247,Upernavik,58,GL,1613946512,85,72.7868,-56.1549,-20.43,14.27
248,Maragogi,0,BR,1613946516,77,-9.0122,-35.2225,78.87,8.7
249,Vila,37,PT,1613946578,88,42.0304,-8.1588,39.99,2.1
250,Katherine,90,AU,1613946578,100,-14.4667,132.2667,73.4,9.22
251,Harper,0,LR,1613946578,86,4.375,-7.7169,78.96,6.73
252,Macaé,75,BR,1613946578,89,-22.3708,-41.7869,80.6,5.75
253,Plettenberg Bay,52,ZA,1613946586,74,-34.0527,23.3716,60.98,4.32
254,Butembo,58,CD,1613946586,87,0.15,29.2833,59.16,3.44
255,Dongsheng,24,CN,1613946587,87,39.8161,109.9776,30.0,6.2
256,Ilorin,17,NG,1613946615,18,8.5,4.55,75.56,2.08
257,Horadiz,40,AZ,1613946616,100,39.4488,47.3353,32.0,6.91
258,Cayenne,75,GF,1613946607,83,4.9333,-52.3333,80.6,9.22
259,Dunda,100,TZ,1613946624,94,-8.1167,34.25,64.78,3.11
260,Tuatapere,6,NZ,1613946624,57,-46.1333,167.6833,69.01,1.99
261,Alofi,90,NU,1613946669,88,-19.0595,-169.9187,77.0,11.5
262,Hofn,88,IS,1613946698,77,64.2539,-15.2082,40.75,5.7
263,Codrington,69,AU,1613946698,56,-38.2667,141.9667,61.83,16.49
264,Bonavista,100,CA,1613946702,78,48.6499,-53.1147,12.0,5.75
265,Buala,35,SB,1613946726,71,-8.145,159.5921,84.76,4.81
266,Araouane,0,ML,1613946727,18,18.9048,-3.5265,74.01,6.04
267,Nhulunbuy,40,AU,1613946789,94,-12.2333,136.7667,80.6,9.42
268,Saint Anthony,90,US,1613946789,86,45.0205,-93.218,28.99,4.61
269,Merauke,90,ID,1613946704,83,-8.4667,140.3333,80.51,6.44
270,Petropavlovsk-Kamchatskiy,40,RU,1613946855,64,53.0452,158.6483,28.4,4.47
271,Kloulklubed,75,PW,1613946856,94,7.0419,134.2556,75.2,4.61
272,Mareeba,75,AU,1613946864,78,-17.0,145.4333,82.0,4.61
273,Tabou,0,CI,1613946905,88,4.423,-7.3528,78.35,6.04
274,Vila Franca do Campo,75,PT,1613946905,94,37.7167,-25.4333,61.0,20.71
275,Corinth,0,GR,1613946946,66,37.9407,22.9573,44.01,1.99
276,Terekli-Mekteb,51,RU,1613946946,93,44.1671,45.8698,32.04,8.43
277,Homer,90,US,1613947000,68,59.6425,-151.5483,27.0,10.36
278,Berlevåg,20,NO,1613947000,78,70.8578,29.0864,-0.4,31.07
279,Torbay,90,CA,1613947041,61,47.6666,-52.7314,12.0,21.85
280,Isla Mujeres,75,MX,1613947057,57,21.2311,-86.731,78.8,9.22
281,Comodoro Rivadavia,40,AR,1613947057,42,-45.8667,-67.5,62.6,21.85
282,Neuquén,0,AR,1613947065,18,-38.9516,-68.0591,82.4,14.97
283,Narsaq,90,GL,1613947090,79,60.9167,-46.05,17.6,3.44
284,Ambulu,100,ID,1613947106,83,-8.345,113.6058,77.0,2.53
285,Buchanan,100,LR,1613947106,86,5.8808,-10.0467,79.07,6.31
286,Salalah,0,OM,1613946994,68,17.0151,54.0924,73.4,4.61
287,Laas,0,IT,1613947122,87,46.6166,10.7002,37.99,2.3
288,Zhalantun,86,CN,1613946974,86,48.0,122.7167,5.02,12.59
289,Manono,100,CD,1613947123,93,-7.3,27.4167,68.59,1.61
290,Zhicheng,0,CN,1613947123,86,30.2956,111.5047,55.99,2.66
291,Erie,40,US,1613947148,46,42.7667,-78.6664,30.99,1.61
292,Bengkulu,93,ID,1613947172,88,-3.8004,102.2655,75.25,4.83
293,Pathein,70,MM,1613946948,79,16.7833,94.7333,72.54,6.87
294,Laguna,1,US,1613947172,36,38.421,-121.4238,64.0,9.22
295,Moyale,64,KE,1613947184,58,3.5167,39.0584,68.27,3.71
296,Lata,14,PT,1613947184,87,40.1629,-8.3327,51.01,1.9
297,Muyezerskiy,100,RU,1613947185,88,63.9333,31.65,-11.27,10.25
298,Sistranda,0,NO,1613947188,93,63.7256,8.834,39.2,9.22
299,Polovinnoye,77,RU,1613947188,89,54.7914,65.9864,-16.87,5.39
300,Alassio,0,IT,1613947213,56,44.0039,8.1671,57.0,4.0
301,Coruripe,2,BR,1613947213,79,-10.1256,-36.1756,78.8,9.75
302,Severobaykal'sk,90,RU,1613947000,83,55.65,109.3167,-11.97,4.25
303,Aberfeldy,63,GB,1613947242,90,56.62,-3.8645,44.01,3.69
304,Sola,40,VU,1613947242,84,-13.8833,167.55,84.2,13.04
305,Ucluelet,90,CA,1613947270,100,48.9329,-125.5528,48.0,12.66
306,Sarangani,91,PH,1613947287,78,5.4033,125.4636,81.93,12.01
307,Safi,19,MA,1613947287,64,32.2994,-9.2372,56.25,4.34
308,Yar-Sale,32,RU,1613947295,82,66.8333,70.8333,-36.35,5.3
309,Iracoubo,100,GF,1613947303,84,5.4802,-53.2011,77.67,14.83
310,Mapimí,20,MX,1613947303,9,25.8167,-103.85,86.0,8.01
311,Sussex,1,US,1613947303,35,41.1834,-74.6663,35.6,3.44
312,Tiznit Province,32,MA,1613947311,80,29.5833,-9.5,49.71,7.0
313,Markova,87,UA,1613947311,89,48.6758,24.4138,30.4,5.53
314,Pekalongan,98,ID,1613947312,82,-6.8886,109.6753,77.92,7.23
315,Coyhaique,75,CL,1613947320,54,-45.5752,-72.0662,55.4,9.22
316,Fukuechō,1,JP,1613947320,81,32.6881,128.8419,62.06,19.39
317,Caravelas,71,BR,1613947349,90,-17.7125,-39.2481,76.21,4.25
318,Boa Vista,75,BR,1613947223,51,2.8197,-60.6733,87.8,4.61
319,Windhoek,59,NA,1613947385,55,-22.5594,17.0832,66.99,1.14
320,Yerraguntla,96,IN,1613947385,84,14.6372,78.5395,71.74,1.77
321,Sibu,20,MY,1613947207,94,2.3,111.8167,71.6,1.95
322,Xylaganí,20,GR,1613947398,81,40.9833,25.4167,39.2,4.61
323,Waipawa,1,NZ,1613947398,53,-41.4122,175.5153,73.99,19.57
324,Vila Velha,0,BR,1613947455,83,-20.3297,-40.2925,84.99,11.5
325,Bela,0,IN,1613947484,40,25.9333,81.9833,58.32,4.83
326,Auki,98,SB,1613947529,74,-8.7676,160.7034,84.58,2.24
327,Karratha,88,AU,1613947520,55,-20.7377,116.8463,88.16,14.45
328,Zambezi,79,ZM,1613947541,96,-13.5432,23.1047,64.53,3.31
329,Anloga,20,GH,1613947542,83,5.7947,0.8973,82.4,9.22
330,Paraná,28,AR,1613947542,62,-31.732,-60.5238,87.01,5.19
331,Puerto Baquerizo Moreno,75,EC,1613947574,79,-0.9,-89.6,84.2,10.36
332,Miraflores,1,MX,1613947574,11,19.2167,-98.8083,78.8,8.05
333,Mahébourg,40,MU,1613947575,94,-20.4081,57.7,75.2,6.91
334,Richards Bay,94,ZA,1613947538,87,-28.783,32.0377,72.7,9.73
335,Oktyabr'skoye,12,RU,1613947603,86,43.0645,44.7417,21.2,4.47
336,Santiago del Estero,0,AR,1613947632,55,-27.7951,-64.2615,84.99,3.0
337,La Ronge,100,CA,1613947632,60,55.1001,-105.2842,37.4,8.05
338,Sebaste,100,PH,1613947656,88,11.5901,122.0945,77.54,8.75
339,Norman Wells,75,CA,1613947657,76,65.282,-126.8329,-20.2,2.3
340,Palmerston North,15,NZ,1613947657,57,-40.35,175.6167,78.01,3.0
341,Honiara,81,SB,1613947666,66,-9.4333,159.95,86.38,1.48
342,Svetlaya,93,RU,1613947705,88,46.5389,138.3297,17.35,4.56
343,Verāval,0,IN,1613947706,52,20.9,70.3667,73.58,10.07
344,Ouango,100,CF,1613947706,44,4.3133,22.5552,72.21,1.48
345,Onverwacht,98,SR,1613947734,74,5.5833,-55.1833,82.4,9.22
346,Yepifan',98,RU,1613947734,99,53.8253,38.5518,31.59,9.4
347,Srednekolymsk,0,RU,1613947735,81,67.45,153.6833,-33.68,3.58
348,Katsuura,0,JP,1613947628,81,35.1333,140.3,50.0,1.14
349,Hamilton,1,US,1613947510,42,39.1834,-84.5333,42.8,9.22
350,Lewiston,1,US,1613947771,43,44.1003,-70.2148,30.2,6.91
351,Saint-Joseph,0,RE,1613947771,73,-21.3667,55.6167,78.8,3.44
352,Aklavik,69,CA,1613947787,76,68.2191,-135.0107,-18.4,2.3
353,Balkanabat,25,TM,1613947788,62,39.5108,54.3671,42.69,5.46
354,Maïné Soroa,0,NE,1613947795,22,13.2114,12.0241,66.58,10.29
355,Portland,90,US,1613947796,76,45.5234,-122.6762,50.0,13.8
356,Sitka,90,US,1613947796,81,57.0531,-135.33,39.2,10.36
357,Husavik,90,IS,1613947796,100,66.0449,-17.3389,32.0,14.97
358,Tessalit,0,ML,1613947820,20,20.1986,1.0114,68.85,12.06
359,Khovd,52,MN,1613947821,72,48.0056,91.6419,18.48,5.5
360,Pervomayskiy,100,RU,1613947828,75,53.2485,40.2871,23.0,1.86
361,Takāb,7,IR,1613947828,88,36.4009,47.1133,22.46,2.8
362,Conde,20,BR,1613947829,78,-7.2597,-34.9075,80.6,10.36
363,Ariquemes,99,BR,1613947748,97,-9.9133,-63.0408,72.37,1.14
364,Miyang,0,CN,1613947538,82,24.4042,103.4428,48.58,0.58
365,Bermejo,20,AR,1613947833,30,-32.8833,-68.8,87.8,11.5
366,Gorno-Altaysk,100,RU,1613947837,94,51.9561,85.955,9.46,1.59
367,Eureka,24,US,1613947837,65,40.8021,-124.1637,59.0,7.0
368,Yangi Marg`ilon,90,UZ,1613947841,93,40.4272,71.7189,41.0,2.71
369,Ekibastuz,100,KZ,1613947841,94,51.6667,75.3667,1.6,0.25
370,Talaya,99,RU,1613947841,81,61.3833,152.75,-25.83,2.06
371,Chopinzinho,7,BR,1613947845,86,-25.8558,-52.5233,69.21,4.36
372,Qarqīn,100,AF,1613947845,47,37.4185,66.0436,50.43,11.39
373,Lixouri,32,GR,1613947845,69,38.2019,20.4314,52.03,5.26
374,Sept-Îles,20,CA,1613947845,31,50.2001,-66.3821,26.6,5.75
375,Chesapeake,1,US,1613947849,51,36.819,-76.2749,37.4,3.44
376,Kayerkan,16,RU,1613947849,82,69.3497,87.7602,-36.89,1.12
377,Solnechnyy,81,RU,1613947874,91,50.7214,136.6319,0.75,1.72
378,Gouré,18,NE,1613947874,23,13.9835,10.2704,66.18,11.72
379,Muros,0,ES,1613947882,94,42.7762,-9.0603,41.0,1.01
380,Baishishan,97,CN,1613947882,94,43.5833,127.5667,13.39,7.7
381,Vardø,40,NO,1613947882,85,70.3705,31.1107,1.4,26.46
382,Chapais,90,CA,1613947906,63,49.7834,-74.8492,21.2,10.36
383,Pio XII,100,BR,1613947907,94,-3.8325,-45.1525,76.37,2.82
384,Gēdo,99,ET,1613947907,80,9.0167,37.45,56.55,0.98
385,Alberton,0,CA,1613947907,68,46.8168,-64.0654,26.6,16.11
386,Lüderitz,0,NA,1613947818,65,-26.6481,15.1594,65.01,25.97
387,Ukiah,1,US,1613947908,39,39.1502,-123.2078,64.4,3.44
388,Marzuq,0,YE,1613947908,70,14.4,46.4667,61.05,1.77
389,Kostrzyn,0,PL,1613947908,93,52.3985,17.2281,39.0,6.91
390,Manggar,92,ID,1613947908,81,-2.8833,108.2667,79.59,10.49
391,Formosa,0,AR,1613947732,48,-26.1775,-58.1781,89.6,2.3
392,Antofagasta,20,CL,1613947909,68,-23.65,-70.4,68.0,14.97
393,Mehamn,93,NO,1613947909,78,71.0357,27.8492,3.2,21.85
394,Moindou,90,NC,1613947909,78,-21.6924,165.677,82.4,1.14
395,Aripuanã,91,BR,1613947910,98,-9.1667,-60.6333,73.22,1.63
396,Muskegon,90,US,1613947910,51,43.3,-86.1334,33.8,13.8
397,Sawtell,6,AU,1613947910,69,-30.3833,153.1,80.01,9.22
398,Ust'-Ishim,81,RU,1613947910,87,57.6935,71.1665,-21.95,4.45
399,Qasigiannguit,75,GL,1613947910,78,68.8193,-51.1922,6.8,6.91
400,Pangnirtung,0,CA,1613947911,60,66.1451,-65.7125,-7.85,1.21
401,Gao,0,ML,1613947912,20,16.6362,1.637,69.19,10.42
402,Neiafu,75,TO,1613947912,69,-18.65,-173.9833,82.4,8.05
403,Villefontaine,0,FR,1613947969,62,45.6125,5.1456,50.0,8.05
404,Roald,35,NO,1613947976,66,62.5833,6.1333,46.4,13.8
405,Jaffna,3,LK,1613947976,81,9.6685,80.0074,78.31,12.95
406,San Juan,0,AR,1613947977,24,-31.5375,-68.5364,89.15,6.8
407,Flagstaff,1,US,1613947977,24,35.1981,-111.6513,46.0,5.75
408,Aswān,75,EG,1613947977,41,24.0934,32.907,53.01,7.38
409,Smidovich,100,RU,1613948006,95,48.6,133.8167,6.64,2.89
410,Vengerovo,61,RU,1613948018,88,55.6848,76.7471,-19.28,7.9
411,Meulaboh,97,ID,1613948018,86,4.1363,96.1285,76.86,3.85
412,Ahipara,99,NZ,1613948018,63,-35.1667,173.1667,71.85,10.89
413,Wanlaweyn,85,SO,1613948030,86,2.6185,44.8938,73.18,12.06
414,San Cristobal,40,VE,1613948030,61,7.7669,-72.225,82.4,5.75
415,Sampit,97,ID,1613948034,96,-2.5333,112.95,73.4,1.81
416,Bilma,0,NE,1613948054,25,18.6853,12.9164,63.32,6.96
417,Severo-Yeniseyskiy,100,RU,1613948054,90,60.3725,93.0408,-15.57,3.18
418,At-Bashi,83,KG,1613948055,85,41.1702,75.8106,20.1,1.36
419,Pereira Barreto,16,BR,1613948055,57,-20.6383,-51.1092,77.88,4.76
420,Starosubkhangulovo,36,RU,1613948067,85,53.1031,57.4423,-19.41,1.63
421,Namatanai,36,PG,1613948091,67,-3.6667,152.4333,84.88,4.25
422,Kozhva,68,RU,1613948092,83,65.1073,57.0459,-36.42,2.95
423,Moose Factory,1,CA,1613948092,59,51.2585,-80.6094,32.0,13.8
424,Zhengjiatun,10,CN,1613948104,80,43.5064,123.5064,11.89,17.56
425,San Patricio,75,US,1613948104,53,28.017,-97.5169,73.4,26.46
426,Kirakira,69,SB,1613948120,66,-10.4544,161.9205,86.43,1.25
427,Lockhart,75,US,1613948121,62,28.6194,-81.4426,68.0,1.99
428,Bilibino,99,RU,1613948121,82,68.0546,166.4372,-28.37,1.99
429,Yining,100,CN,1613948132,80,29.0361,114.5636,59.76,0.34
430,Khasan,23,RU,1613948133,94,42.4308,130.6434,23.41,6.71
431,Sorong,96,ID,1613947908,79,-0.8833,131.25,81.16,7.54
432,Hewitt,20,US,1613948133,43,31.4624,-97.1958,75.2,12.66
433,Altay,100,CN,1613947894,89,47.8667,88.1167,18.01,2.82
434,Kumul,57,CN,1613948170,71,42.8,93.45,38.1,6.31
435,Anjiang,91,CN,1613948171,80,27.3194,110.1031,62.56,2.93
436,Garden City,90,US,1613948203,59,42.3256,-83.331,30.2,8.05
437,Agüimes,20,ES,1613948204,63,27.9054,-15.4461,64.4,3.44
438,Nome,1,US,1613948211,60,64.5011,-165.4064,-2.2,2.28
439,Los Llanos de Aridane,0,ES,1613948211,67,28.6585,-17.9182,62.6,6.91
440,Luoyang,4,CN,1613948211,99,34.6836,112.4536,55.99,4.0
441,Kīhei,40,US,1613948211,54,20.785,-156.4656,82.4,20.71
442,Vieux Fort,75,LC,1613948212,88,13.7167,-60.95,78.8,10.36
443,Nguruka,100,TZ,1613948212,92,-5.1092,31.0419,66.16,1.3
444,Bud,100,US,1613948241,66,39.447,-86.1758,39.0,13.69
445,Praia da Vitória,75,PT,1613948241,88,38.7333,-27.0667,62.6,16.8
446,Gresham,90,US,1613948241,76,45.4982,-122.4315,50.0,13.8
447,Port Macquarie,57,AU,1613948245,73,-31.4333,152.9167,80.01,1.99
448,Romitan,0,UZ,1613948265,64,39.9343,64.3814,35.6,9.22
449,Dingle,100,PH,1613948266,94,10.9995,122.6711,75.36,10.87
450,Freeport,20,US,1613948295,47,40.6576,-73.5832,34.0,5.75
451,Auchel,99,FR,1613948295,90,50.5034,2.4735,51.01,1.01
452,Pizarro,81,CO,1613948302,76,4.9533,-77.366,80.56,4.34
453,Tismana,8,RO,1613948303,77,45.05,22.9667,37.44,1.14
454,Ballarat,63,AU,1613948138,80,-37.5662,143.8496,62.01,1.99
455,Yerbogachën,98,RU,1613948303,86,61.2767,108.0108,-24.75,5.14
456,Pervomayskoye,10,RU,1613948311,95,43.919,46.7102,30.07,6.44
457,Rafai,100,CF,1613948311,33,4.95,23.9167,68.14,0.78
458,Mezen',0,RU,1613948064,84,65.8522,44.24,-29.85,3.71
459,Emerald,0,AU,1613948340,32,-23.5333,148.1667,88.0,8.05
460,Anda,7,CN,1613948340,91,46.4,125.3167,3.33,11.07
461,Seoul,20,KR,1613947691,93,37.5683,126.9778,41.0,1.14
462,Klaksvík,90,FO,1613948390,87,62.2266,-6.589,44.6,24.16
463,Zunyi,0,CN,1613948390,87,27.6867,106.9072,52.52,1.19
464,San Francisco,20,US,1613948296,39,37.7749,-122.4194,64.4,10.36
465,Xingyi,0,CN,1613948419,89,24.1877,102.817,44.6,1.52
466,Kaitangata,0,NZ,1613948444,69,-46.2817,169.8464,66.99,5.99
467,Fengzhen,40,CN,1613948444,89,40.4394,113.1536,25.03,6.67
468,Owo,66,NG,1613948445,48,7.1962,5.5868,71.35,2.37
469,Casino,0,AU,1613948486,73,-28.8667,153.05,79.0,6.91
470,La Tijera,0,MX,1613948486,26,19.9,-104.4,74.25,8.55
471,Lloydminster,90,CA,1613948519,52,53.2835,-110.0016,41.0,20.71
472,Hudson Bay,97,CA,1613948573,94,52.85,-102.3842,30.54,11.39
473,Lithakia,13,GR,1613948586,93,37.7167,20.8333,37.4,2.3
474,Grimshaw,20,CA,1613948594,60,56.1834,-117.6027,41.0,26.46
475,Youhao,100,CN,1613948623,95,47.8667,128.8333,9.99,0.18
476,Kabelvåg,75,NO,1613948639,93,68.2114,14.4817,33.8,10.36
477,Natal,40,BR,1613948639,78,-5.795,-35.2094,82.4,9.22
478,Price,1,US,1613948640,35,39.5994,-110.8107,37.4,10.36
479,Iquitos,40,PE,1613948640,70,-3.7481,-73.2472,84.2,2.3
480,Paullo,75,IT,1613948686,76,45.4187,9.3977,52.0,6.91
481,Upington,30,ZA,1613948693,18,-28.4478,21.2561,73.11,5.5
482,Murgab,90,TM,1613948735,60,37.4966,61.9714,39.2,4.61
483,Talitsa,40,RU,1613948736,77,56.8804,60.0213,-5.8,4.47
484,Concordia,20,AR,1613948693,54,-31.393,-58.0209,86.0,5.75
485,Kerman,75,IR,1613948756,87,30.2832,57.0788,44.6,4.61
486,Fujin,100,CN,1613948793,96,47.26,132.0322,9.37,1.54
487,Ballina,7,AU,1613948793,69,-28.8667,153.5667,80.01,5.75
488,Province of Groningen,0,NL,1613948699,100,53.25,6.75,46.99,4.61
489,Omsukchan,48,RU,1613948794,81,62.5333,155.8,-28.75,3.98
490,Salinópolis,99,BR,1613948787,85,-0.6136,-47.3561,78.71,7.99
491,São Fidélis,96,BR,1613948785,91,-21.6461,-41.7469,73.87,2.3
492,Oberá,3,AR,1613948814,64,-27.4871,-55.1199,74.8,2.77
493,Skellefteå,90,SE,1613948834,92,64.7507,20.9528,12.2,4.61
494,Beidao,95,CN,1613948835,29,34.5686,105.8933,39.99,5.99
495,Moerai,100,PF,1613948835,81,-22.4333,-151.3333,79.5,32.61
496,Mercedes,4,AR,1613948835,63,-34.6515,-59.4307,82.0,1.99
497,Vredendal,0,ZA,1613948855,69,-31.6683,18.5012,57.49,7.23
498,Lagoa,72,PT,1613948855,91,39.05,-27.9833,60.67,29.66
499,Nishihara,40,JP,1613948856,55,26.1842,127.7558,64.4,4.61
500,Te Anau,37,NZ,1613948856,39,-45.4167,167.7167,66.74,3.85
501,Sur,0,OM,1613948816,66,22.5667,59.5289,68.61,5.48
502,Geraldton,0,AU,1613948897,94,-28.7667,114.6,64.4,11.5
503,Gornopravdinsk,98,RU,1613948897,87,60.05,69.9,-21.37,4.65
504,Arman',100,RU,1613948947,80,59.7,150.1667,-0.69,11.83
505,Kununurra,90,AU,1613948947,80,-15.7667,128.7333,78.8,5.75
506,Queanbeyan,40,AU,1613948947,77,-35.35,149.2333,75.0,3.44
507,Maura,75,NO,1613948997,100,60.25,11.0167,37.0,2.3
508,Coolum Beach,14,AU,1613948988,77,-26.5333,153.1,82.99,1.01
509,Trelew,77,AR,1613949043,23,-43.249,-65.3051,69.78,26.64
510,Christchurch,20,NZ,1613949080,72,-43.5333,172.6333,72.0,9.22
511,Florø,20,NO,1613949080,76,61.5996,5.0328,44.6,17.27
512,Marystown,100,CA,1613949080,88,47.1666,-55.1483,13.93,21.3
513,Ryōtsu-minato,40,JP,1613949113,66,38.0833,138.4333,50.0,12.66
514,Kjøllefjord,100,NO,1613949113,78,70.9457,27.3465,3.2,21.85
515,Poum,94,NC,1613949121,75,-20.2333,164.0167,83.8,8.21
516,Chekhov,75,RU,1613949121,86,55.1431,37.4711,18.0,8.95
517,Carutapera,100,BR,1613949122,90,-1.195,-46.02,77.18,5.35
518,Champerico,75,GT,1613949138,70,14.3,-91.9167,84.2,9.22
519,Ngorongoro,100,TZ,1613949138,100,-3.2397,35.4875,52.56,2.1
520,Alcântara,75,BR,1613949138,100,-2.4089,-44.4147,78.8,3.44
521,Beyneu,77,KZ,1613949138,96,45.3167,55.2,25.5,7.05
522,Savelugu,35,GH,1613949163,14,9.6244,-0.8253,79.47,7.07
523,Magdagachi,3,RU,1613949163,83,53.45,125.8,-17.59,7.43
524,Itarema,49,BR,1613949175,80,-2.9248,-39.9167,80.24,12.88
525,Port Lincoln,81,AU,1613949175,66,-34.7333,135.8667,61.68,13.4
526,Nadvoitsy,100,RU,1613949176,87,63.8667,34.3167,-15.93,6.96
527,Lerwick,19,GB,1613949197,76,60.1545,-1.1494,46.4,16.11
528,Lincoln,1,US,1613949201,69,40.8,-96.667,36.0,10.36
529,Kaiyuan,0,CN,1613949205,83,23.6977,103.3037,52.52,1.66
530,Aykhal,29,RU,1613949254,81,66.0,111.5,-34.71,2.44
531,Okmulgee,1,US,1613949255,54,35.6234,-95.9605,53.6,8.05
532,Najrān,0,SA,1613949283,37,17.4924,44.1277,66.2,4.61
533,Tutóia,30,BR,1613949284,83,-2.7619,-42.2744,80.51,9.95
534,Marquette,100,US,1613949284,80,46.5333,-87.6335,32.0,10.16
535,Juneau,75,US,1613949119,70,58.3019,-134.4197,41.0,13.4
536,Kamaishi,64,JP,1613949072,81,39.2667,141.8833,44.76,1.88
537,Biltine,0,TD,1613949321,25,14.5333,20.9167,65.75,11.9
538,Ananas,3,HT,1613949321,66,19.2466,-71.9557,72.19,17.47
539,Dhidhdhoo,87,MV,1613949329,68,6.8833,73.1,81.54,1.88
540,Luba,20,GQ,1613949329,78,3.4568,8.5547,78.8,5.75
541,Gbely,88,SK,1613949329,84,48.718,17.1163,41.0,16.89
542,Hervey Bay,13,AU,1613949341,84,-25.2986,152.8535,80.01,4.0
543,Peniche,0,PT,1613949342,72,39.3558,-9.3811,52.0,1.99
544,Shimoda,0,JP,1613949342,55,34.6667,138.95,62.6,16.11
545,Kavaratti,4,IN,1613949346,65,10.5669,72.642,80.44,2.77
546,Hanzhong,18,CN,1613949109,54,33.0728,107.0303,52.36,1.92
547,Los Alamos,1,US,1613949354,22,35.8881,-106.307,39.2,10.36
548,Kurkino,100,RU,1613949354,99,53.4257,38.6582,32.76,11.27
549,Krasnogorsk,90,RU,1613949383,79,55.8225,37.3181,17.6,11.18
550,Manavālakurichi,40,IN,1613949225,78,8.1333,77.3,80.6,7.52
551,Xam Nua,48,LA,1613949384,78,20.4197,104.0439,59.49,1.25
552,Levokumskoye,98,RU,1613949387,96,44.8219,44.6606,31.48,9.57
553,Tupik,92,RU,1613949388,86,54.4253,119.9327,-17.66,0.69
554,Balikpapan,20,ID,1613949129,100,-1.2675,116.8289,77.0,2.3
555,Paragominas,95,BR,1613949391,96,-2.9667,-47.4833,74.14,3.0
556,Tara,93,RU,1613949392,89,56.8944,74.371,-16.55,4.9
557,Cooma,20,AU,1613949416,77,-36.2333,149.1333,66.2,1.14
558,Nabire,100,ID,1613949417,91,-3.3667,135.4833,76.12,2.66
559,Srikakulam,28,IN,1613949450,70,18.3,83.9,68.4,5.61
560,Uspenka,100,UA,1613949495,98,48.3903,39.1619,31.98,12.12
561,Brattleboro,1,US,1613949495,50,42.8509,-72.5579,23.0,2.53
562,Xapuri,100,BR,1613949496,97,-10.6517,-68.5044,73.08,0.74
563,Ankazoabo,78,MG,1613949524,84,-22.2833,44.5167,73.62,4.61
564,Matara,30,LK,1613949525,88,5.9485,80.5353,72.93,4.21
565,Ampanihy,0,MG,1613949541,83,-24.7,44.75,77.05,2.53
566,Mkushi,100,ZM,1613949545,90,-13.6202,29.3939,64.45,2.42
567,Mariehamn,40,AX,1613949553,93,60.0973,19.9348,39.2,5.75
568,Kārkala,72,IN,1613949553,73,13.2,74.9833,73.4,3.44
569,Staryy Nadym,90,RU,1613949554,84,65.6118,72.6842,-28.43,8.77
570,Shakawe,100,BW,1613949554,95,-18.3667,21.85,66.49,5.75
571,Wenling,97,CN,1613949562,73,28.3669,121.36,60.01,3.06
572,Pringsewu,100,ID,1613949437,94,-5.3582,104.9744,72.16,2.51
573,Menongue,61,AO,1613949562,89,-14.6585,17.691,61.23,3.09
574,Biloela,0,AU,1613949570,36,-24.4167,150.5,86.67,2.26
575,Hirado,75,JP,1613949570,88,33.3597,129.5531,60.01,9.22
576,Khandyga,100,RU,1613949570,86,62.6667,135.6,-22.31,1.34
577,Ferrol,20,ES,1613949599,100,43.4832,-8.2369,42.8,3.44
578,Sarai Alamgir,90,PK,1613949599,100,32.9012,73.7559,57.2,1.63
579,La Asuncion,76,VE,1613949608,87,11.0333,-63.8628,75.27,10.13
580,Verkh-Usugli,32,RU,1613949608,82,52.7,115.1667,-19.98,3.27
581,Araguaína,91,BR,1613949615,88,-7.1911,-48.2072,75.83,3.13
582,Vaitape,87,PF,1613949616,68,-16.5167,-151.75,82.27,7.92
583,Along,6,IN,1613949616,69,28.1667,94.7667,55.15,1.7
584,Gimli,1,CA,1613949616,74,50.6336,-96.9907,30.2,13.8
585,Belmonte,40,BR,1613949678,83,-15.8631,-38.8828,78.8,8.05
586,Nizhniy Kuranakh,100,RU,1613949678,84,58.8353,125.4869,-22.02,3.47
587,Khāsh,27,IR,1613949707,70,28.2211,61.2158,52.2,3.94
588,Barcelos,20,PT,1613949707,93,41.5388,-8.6151,46.0,2.3
589,Goālpāra,0,IN,1613949708,36,26.1667,90.6167,61.81,1.03
590,Cap Malheureux,21,MU,1613949720,84,-19.9842,57.6142,75.0,3.0
591,Sabinas,0,MX,1613949720,35,27.85,-101.1167,71.47,14.76
592,Camacha,20,PT,1613949720,72,33.0833,-16.3333,62.6,13.8
593,Viranşehir,0,TR,1613949740,77,37.2353,39.7631,33.37,4.21
594,Mbini,20,GQ,1613949740,100,1.574,9.6134,78.8,2.3
595,Alice Springs,5,AU,1613949749,32,-23.7,133.8833,87.01,12.66
596,Polewali,98,ID,1613949749,74,-3.4324,119.3435,77.23,3.71
597,‘Āhuimanu,75,US,1613949795,65,21.4447,-157.8378,82.4,11.5
598,Lesozavodsk,97,RU,1613949795,96,45.4794,133.4244,11.34,3.24
599,Vohibinany,15,MG,1613949815,90,-17.35,49.0333,72.54,2.35
600,Banda Aceh,94,ID,1613949815,85,5.5577,95.3222,78.21,11.05
601,Tarakan,75,ID,1613949556,94,3.3,117.6333,77.0,5.75
602,Elizabeth City,1,US,1613949857,60,36.2946,-76.2511,37.0,9.22
603,Fallon,40,US,1613949857,29,39.4735,-118.7774,48.2,4.61
604,Mitzic,100,GA,1613949857,97,0.7821,11.549,69.75,3.33
605,Aitape,92,PG,1613949865,76,-3.1374,142.3475,81.93,2.77
606,Bangassou,100,CF,1613949783,35,4.7413,22.8184,68.18,0.54
607,Portadown,20,GB,1613949865,81,54.4241,-6.4412,44.6,6.91
608,Ola,100,RU,1613949873,82,59.5833,151.2833,0.0,11.52
609,Oistins,75,BB,1613949890,83,13.0667,-59.5333,73.4,9.22
610,Urucará,60,BR,1613949890,91,-2.5364,-57.76,76.33,1.7
611,Destin,90,US,1613949890,55,30.3935,-86.4958,60.8,5.75
612,Darnah,17,LY,1613949890,72,32.767,22.6367,55.72,13.0
613,Kāvali,74,IN,1613949915,88,14.9167,79.9833,73.17,1.86
614,Duki,19,PK,1613949915,34,30.1541,68.5728,56.82,3.71
615,Tadine,99,NC,1613949915,77,-21.55,167.8833,82.31,14.81
616,Benguela,24,AO,1613949915,82,-12.5763,13.4055,71.38,2.77
617,Novobirilyussy,100,RU,1613949931,94,56.9514,90.6661,6.58,6.4
618,Ivanava,84,BY,1613949932,98,52.1451,25.5365,29.64,6.67
619,Rāmpura,17,IN,1613949932,34,30.25,75.2333,57.27,2.17
620,Inírida,68,CO,1613949940,75,3.8653,-67.9239,80.11,2.57
621,Villena,100,ES,1613949940,82,38.6373,-0.8657,53.01,1.7
622,Waingapu,98,ID,1613949940,81,-9.6567,120.2641,78.49,5.53
623,Strezhevoy,0,RU,1613949940,76,60.7333,77.5889,-23.8,2.24
624,Chitral,100,PK,1613949986,59,35.8462,71.7858,45.36,0.07
625,Magadan,100,RU,1613950048,80,59.5667,150.8,1.53,12.21
626,Sandwick,31,GB,1613950048,76,60.0,-1.25,46.4,16.11
627,Melilla,0,ES,1613950114,71,35.2937,-2.9383,55.4,10.36
628,Atasū,100,KZ,1613950114,96,48.6814,71.6433,12.43,12.66
629,Tahe,0,CN,1613950115,83,52.3333,124.7333,-14.98,6.71
630,Redondela,75,ES,1613950115,87,42.2834,-8.6096,51.01,3.44
631,Acajutla,28,SV,1613950123,56,13.5928,-89.8275,83.07,3.94
632,Whitianga,39,NZ,1613950123,57,-36.8333,175.7,70.48,7.81
633,General Roca,0,AR,1613950185,22,-39.0333,-67.5833,78.8,14.97
634,Warrington,90,GB,1613950185,93,53.3925,-2.5802,50.0,1.59
635,Chinhoyi,100,ZW,1613950247,84,-17.3667,30.2,65.5,2.48
636,George Town,20,MY,1613950247,78,5.4112,100.3354,78.01,5.75
637,Adrar,0,MR,1613950075,21,20.5022,-10.0711,68.59,11.39
638,Launceston,3,AU,1613950045,45,-41.45,147.1667,64.4,14.97
639,Campo Maior,86,BR,1613950260,88,-4.8278,-42.1686,75.87,1.16
